"Month","SMB %","HML %","WML %","Rm %","Rf %","Rm-Rf %"
199310,1.74327546348798,2.33601490834898,5.47254062760105,-1.43162059119336,0.539989250323281,-1.96166450266897
199311,-9.5508845105425,-0.495424766995112,13.6789093235213,17.356033580999,0.542141190898859,16.7289242040559
199312,-3.22363305839269,8.5706540829573,0.178862808523439,10.7264369383981,0.325955397392463,10.370178983682
199401,5.18312433462149,-6.11353266108567,-3.87592040110593,20.3765466537301,0.59958110204783,19.665489341068
199402,0.825279994807926,-3.14538322084732,10.144933064272,4.35684478369776,0.650502386849072,3.68347344256263
199403,0.964446383648943,-1.61889559977021,2.94656048956929,-13.4916149995534,0.614444775799061,-14.0239799680036
199404,0.930116717550211,-4.97298252332105,-0.20176546706655,-0.966120761629585,0.481912647435734,-1.44147917584492
199405,1.00264886484227,7.46914217241874,-2.99923088546508,2.51548376856741,0.574277836865789,1.93062985005865
199406,-5.06571082598187,11.7553340261845,-2.97722595418796,8.08079806075657,0.659092294691854,7.3752923564425
199407,7.90075474109169,0.197429879034416,-7.9239226327558,4.24844075346387,0.719108762566023,3.50531044908362
199408,3.97152376011805,-1.59837687301094,-3.36021952267618,9.42670451334791,0.574822841004408,8.80419452049428
199409,3.81659322533445,2.25558523729505,0.391956473738242,-5.39066557512047,0.644513199799013,-5.99854276505497
199410,4.84007907556654,8.31956207984046,2.95844313466924,0.0950815861273657,0.688515748509722,-0.589550629642932
199411,3.37148417801978,4.33641349359961,-0.573102565356931,0.572897440857512,0.519204858492262,0.0534347721978801
199412,0.0754880877610109,-0.444231246959126,0.555276482872702,-6.44778533016199,0.608144374348307,-7.0156497025384
199501,3.35362796241454,-3.58953093559773,-0.10323753117395,-8.90399815326894,0.862327190591006,-9.68661821609963
199502,-4.02657403170799,2.73345698465477,2.31829221826478,-6.2647883414873,0.812359687975994,-7.02305241101597
199503,1.53719845955436,0.775597692665309,-0.0367797039026008,-2.06220346577634,0.842319370719324,-2.88157955982529
199504,-4.7058740229325,-4.61713700768906,-3.29176460331938,-8.0897449560146,0.726140582912693,-8.75614322064109
199505,-4.36143318629133,-2.83044233231308,-2.31643813052809,1.70569343947378,0.950388862098905,0.748460604683965
199506,-3.16999888915895,-3.07938899181553,1.07665964826682,-5.76979536240394,1.03091196405973,-6.73439562319428
199507,-1.28398100711499,-0.00871952434998713,-1.15264025683767,3.26153989428091,0.967967174255402,2.27265244350625
199508,-0.190811250459155,-3.07224651816553,5.38823034147564,-4.05762888556167,0.814419187358295,-4.83494770805496
199509,-2.00037963071633,-0.143008354640639,2.29440495519642,1.80101198698612,0.999779498036846,0.793669588393597
199510,-2.40168716697957,-0.354606562668403,2.02501460929543,-3.16663715726109,0.866939031239822,-4.00082142632726
199511,0.910003742600862,-1.92552457727554,2.00995246602316,-12.8579343873338,1.02869633188514,-13.7515485672475
199512,-2.32256353945555,-2.02639582799491,2.37656328030034,2.81693732561155,0.783547233194803,2.0185564632154
199601,-5.16672397413431,-4.5927844280849,8.03695110976042,-6.75055760747154,1.07895770025619,-7.74959848274237
199602,-4.61927510371423,-5.86317484857586,-6.68369890831585,16.5451745432464,0.980391459824581,15.421528063813
199603,-5.02268014444954,-6.32245734105493,8.55329636764233,-2.41774648125304,0.881921335379676,-3.27241536284796
199604,-10.3896250461067,-1.44472708267815,5.98831228313108,11.4692768211084,0.921481678768732,10.4567167943157
199605,-1.24995243911457,-6.01907785441136,11.5271561554281,-4.64910155292436,0.985414073844493,-5.58211752240647
199606,-3.45662856028006,-2.54950997482518,8.26160078968215,3.05828775637389,0.940254686184461,2.09925702061224
199607,-3.40677649892173,-2.87655323193087,12.4376930961998,-9.08080795270972,0.935465520882151,-9.92726939225433
199608,0.758173478949864,-1.67834793264535,-2.06765764165989,-1.34935186018569,0.710469621048282,-2.04590487954179
199609,-0.720864895875506,-1.1687118335777,11.9124549042612,-11.2384018039388,0.69027537135069,-11.8512019130862
199610,-0.508176005408068,-0.996529514387035,0.379491702549695,-2.86885579046895,0.793935689599579,-3.63531645209924
199611,-0.0134255215127888,3.46994580721309,-0.135394393205912,-8.26504487876096,0.521775437419514,-8.74367436707515
199612,-3.87548409960971,4.64968938073185,-2.84028634683535,6.5633933099597,0.531107043213863,6.00227229282968
199701,-4.85494780278838,3.42363845821503,-10.9364771032104,7.34334615511496,0.690586448894948,6.60913012872373
199702,-10.7471466747209,1.24468314965196,6.30377970144551,5.31329371947447,0.600975894741773,4.68555124285095
199703,-1.95275620937423,-1.69150019178609,7.0736109511083,-5.96196470795396,0.610874529547201,-6.53500409946761
199704,-11.5975313480726,-1.36357564524037,10.3349435283033,10.6023834211058,0.49377917569049,10.0617117323757
199705,-2.42702276954283,-7.43289999678847,12.989267758872,-1.66690320475814,0.503912120098904,-2.16047694221652
199706,-11.8352610869204,-2.98104972804158,5.26485597486703,13.063875792896,0.560541081883525,12.4371191446352
199707,6.2468402499134,9.1513859013818,-12.3634280975662,4.56479432508186,0.611372239152619,3.93041977525039
199708,3.36245385233533,0.454670649901012,2.6113219885062,-8.38907471295089,0.46312044301049,-8.81358859074784
199709,-7.97467811281107,-2.14578427322166,9.14117004210935,-0.473751974881598,0.576382880628001,-1.04444431014656
199710,-5.44135355107976,-7.02453032080134,2.27435235181119,-1.2486663557716,0.478173883037813,-1.71908771389275
199711,1.75275328006694,0.536078138459906,16.1535380695039,-7.99636784122329,0.483904792176393,-8.44141732609762
199712,-2.70848427606236,-0.255497160409668,-9.2130861191639,0.553879600084684,0.596053557068976,-0.041849429385199
199801,2.43778860281145,2.83747376379828,-8.65118607197011,-10.6916856026483,0.559858448727812,-11.1919008418508
199802,-8.88478741159544,-5.89156619569698,11.4734322063554,9.70049309419769,0.539056634000912,9.11496391287045
199803,0.477572361560563,2.28114054462385,-16.0748276065446,6.86588016595862,0.595968203161634,6.23449395451532
199804,4.86695390951766,8.23079247370922,-2.9451329245846,5.54501294227208,0.539056634000912,4.98047893842706
199805,6.61317606975722,2.65561977967661,5.21020068175677,-3.27335409844733,0.505814799860982,-3.76125465231516
199806,-0.955176398149737,-5.85260554836813,4.39487701745525,-14.4358464936948,0.624436067454992,-14.9709236168456
199807,-1.24160551644814,-6.92090604223504,9.18052436945498,-0.513784625263503,0.676500834575622,-1.18275968172944
199808,10.5012992610692,5.62003660851327,-0.0401186760521144,-3.17263824584406,0.59817695154265,-3.74950213436904
199809,4.20200760084959,-4.67478832307818,-4.41788403895468,3.5676079012539,0.727634807902189,2.82033510239033
199810,4.54104840809479,1.61759092818241,2.4181326798332,-7.01329199359806,0.688299811973891,-7.65189225922986
199811,-1.45237866129789,-0.166718887618755,-2.6233130767956,-0.972845182538318,0.732300460623025,-1.69336868013445
199812,-2.2033334104924,-6.14926844861958,1.62598010730441,7.82026243104317,0.798704444737264,6.96845602609195
199901,4.27975968297871,10.332343307561,22.5829508911619,6.91097510964875,0.692852882676731,6.17755756550502
199902,1.0412044350349,-2.36236132413815,10.7819701182795,1.24655753578062,0.765211189488224,0.477779137447798
199903,7.39708685431304,-3.93846654240438,13.6997970519409,8.37377706502569,0.651931590745081,7.67453335299146
199904,-3.16375837457618,-6.63039993293194,-5.22255638308587,-12.6508810654553,0.625561747060632,-13.198211444996
199905,-12.2911661549768,-7.3032411880896,-10.8949430085862,17.1658216659496,0.67963864568934,16.380481803569
199906,-0.836817250932442,6.20406265908138,-10.6444827544982,5.20296230633293,0.75550402517337,4.41560804293064
199907,6.22811754980936,7.65285571180871,2.74253248881491,11.4040769654623,0.783776063903763,10.5415273398995
199908,15.9723232440461,19.2495956842245,-0.278256009912681,14.1220666009169,0.773682726539326,13.2507081536286
199909,5.19146898570961,-0.073170776169329,13.1054194046474,2.14240091653493,0.762157410492459,1.37025007071021
199910,0.739363363001222,12.1456393683692,-3.48416949194529,-3.31124911309904,0.72573282997046,-4.00949769323745
199911,2.36170728628748,-10.7212000735827,13.710800316766,8.54318456514154,0.719214137445712,7.77086892392231
199912,15.036483546507,-0.311539259858351,34.500075604597,15.0174205334963,0.753635269103792,14.1621900004678
200001,-6.68627870199128,-11.6266496306072,6.3117760229819,7.34123227831838,0.695455341816631,6.6019903161153
200002,2.58722919934582,-2.20611981933194,23.6045502000454,11.7505824613975,0.700585719395574,10.9766277196694
200003,-9.70265121569911,6.99302938467308,-5.04149617530834,-11.8110622096216,0.735716788758012,-12.4593942789318
200004,-1.15639537498967,-0.93700699517002,-15.9992395532987,-18.1865929315862,0.58209480491267,-18.6657301984113
200005,-6.41262723760909,7.35871248975639,-15.2570415978269,-8.61362454499001,0.689855270263084,-9.24255077981042
200006,-2.33709534754081,-6.45860508859715,5.96050289422414,9.55463767253395,0.752441024592509,8.73945058066779
200007,-2.92615921263738,0.689777859503926,-5.46617891740312,-10.5309680399611,0.710968621132158,-11.1661952397991
200008,7.22264588693482,-3.17559109274018,11.0614675707991,6.55183142171045,0.81750140409238,5.69019166331521
200009,0.379458870176119,1.72802955670803,1.50614957470996,-10.0374633752356,0.785884846268181,-10.7430577162964
200010,-2.16988456523726,7.88804273490225,-4.98413595541793,-7.37946441628613,0.784910177420306,-8.10376017157092
200011,-1.89591490469145,7.22613954434546,-7.81687325164549,7.81087742424782,0.772581487135815,6.98683626445993
200012,-1.2925177669934,5.53107571859761,-7.17436972435631,-1.32206484096942,0.687626190348922,-1.99674269412949
200101,-5.52571583398386,-3.36486516692768,4.80755361223264,7.30469079281622,0.746961323462347,6.51132419524951
200102,-5.19153458225676,13.3926703129702,10.6733578474497,-2.95334500764378,0.661294849679428,-3.59213262306364
200103,-2.87844870571905,3.53008320861645,30.2632193653183,-21.0451167339301,0.668278720810589,-21.5755024722583
200104,-4.12281864924057,3.512068181568,-2.08463033006989,-0.700454431594,0.603737915486535,-1.29711533642596
200105,1.79725309968128,-0.167719105230546,-11.2234922496707,6.236462679695,0.65213954105352,5.54981738550329
200106,-2.9360159107543,0.0689119287450524,15.4308887538033,-7.2459370780967,0.593523202925539,-7.79535715430049
200107,-2.73008988075822,1.97943738407429,12.0035413932211,-3.86390592330663,0.603036596904438,-4.44139022233275
200108,3.08497308485021,-1.21508142757903,-4.89269648017389,-1.34813035784387,0.565248153843978,-1.90313357691614
200109,1.75800400968564,4.51247505500698,17.5178242276159,-12.9399556568834,0.540924084541961,-13.4118568917229
200110,3.4490683879036,-3.04841062006009,-9.64974762239316,6.10803855721445,0.56200911818356,5.51651761681722
200111,7.74362540380924,-4.82823132833411,-25.5483328210006,11.9965136920088,0.520607994964073,11.4195515465989
200112,-1.14971397394085,-4.84863868351645,-5.8985469967895,-0.671304158885422,0.497794212211944,-1.16365105677954
200201,-0.861573527363713,-3.67564031121376,4.81421205332577,2.76327060906489,0.610079362926341,2.14072155266503
200202,-14.5694364013133,18.6853451098974,4.99106333112449,9.49808783097668,0.493921676743492,8.9621814497082
200203,0.801272264433961,-0.748146459337584,0.427786094318661,2.86085679706305,0.451401207900215,2.3991980039801
200204,3.23867601147441,12.2412163738567,1.63822458464338,2.07819051626521,0.508310917326837,1.56231607801971
200205,-7.21239299162882,31.9867016055481,-2.8428363414996,-3.71972350789634,0.562871056837944,-4.25986710151711
200206,12.2738336987679,17.9441248825067,-4.60613400163241,5.16365371356147,0.498230186920479,4.64346157356288
200207,-4.61554720088816,-8.99785903125965,4.54291838152963,-8.11884971798615,0.524902624803159,-8.60049154135953
200208,-1.94573086122453,-5.52519881770988,-1.20941473159911,4.3763969395088,0.474718045612987,3.8841213216223
200209,3.21932594743239,-2.50637821734422,-3.54041333835765,-5.60786941099062,0.447046549607477,-6.02927897274012
200210,-3.87123194192605,-0.00323461322035978,8.99276005719056,-0.140925605590825,0.470006416379398,-0.608223256837104
200211,2.2441985519488,4.88261258313012,-5.3859413942471,7.0656689173948,0.405108012400435,6.63512216450219
200212,-3.50136610931291,-2.29782518071813,5.63974561889478,4.24146040464404,0.436605749349028,3.78908888606748
200301,-3.95872098942976,1.4628839442395,7.49312299553819,-2.49092119595975,0.489709995935517,-2.9667459722996
200302,-2.25847523206443,-2.06578022505091,3.56521292900047,1.57078100368861,0.421809723725652,1.14439354071598
200303,-4.96728750925154,-4.11986376130756,7.23124131875066,-7.79904607007753,0.452018199425797,-8.21571738856239
200304,3.9211672436839,5.0775280165833,1.87049049778039,0.261240822089448,0.414193139329155,-0.152326944718972
200305,3.29879689906583,10.9820124517296,7.20733084724809,16.2658095319441,0.372114013038716,15.8377805177916
200306,5.03971904659377,9.08419643768368,-5.74049107184759,11.2838982714527,0.404171169274292,10.8381033525624
200307,3.67982223663865,10.6603932849807,5.68447630496052,5.62576281277603,0.441529945324981,5.16242235426523
200308,-8.3420189115365,0.853639975047638,2.67209781759237,17.2678585182961,0.382662696431146,16.8242315864564
200309,-4.07898469460134,-11.7099430065999,4.72827830661942,3.68244726553224,0.398928345815586,3.2710037983783
200310,-4.34698434206944,-2.44357168087258,4.92832862101305,7.18338023740446,0.411297673895294,6.74561176802382
200311,12.9924981334399,20.6829815637131,-3.84041715930774,6.64370812251276,0.353467872055213,6.26923794502381
200312,7.87278153816549,11.8899735243501,-2.84180030602755,19.4952107689136,0.362705055231882,19.0667517094888
200401,-10.9483589327285,-9.25915987618434,5.21161617810975,-5.30917163176482,0.349463616488976,-5.63995547007983
200402,-6.80689825249262,-7.89238487256546,2.48205972323037,-0.930819519739146,0.324519620709229,-1.25154570749665
200403,-6.56988137646698,-5.34095907274478,7.69906363051232,0.3167049731434,0.368249884455607,-0.0513806762933555
200404,6.9922849744148,6.67348669444341,1.31222660660053,3.78564673978912,0.342416374848153,3.43203116915223
200405,8.75337165813574,4.82918931607623,-12.6631847376108,-17.9516926127845,0.362393003292194,-18.2510726995813
200406,-2.1314111806843,-1.08802110573064,5.51768309061724,1.78455234227359,0.383410318353117,1.39598827477163
200407,2.96154635808463,7.42035162902888,5.98833150990039,8.89859920034266,0.386331912364279,8.48102098128649
200408,11.4802326622898,6.92276086338541,4.3453045502341,2.7755095254248,0.407121834976265,2.35922264782304
200409,2.67057385804765,7.34424074315538,-4.2105548381321,8.13836039108466,0.39894328891783,7.71009899232908
200410,4.83372855475355,4.61382200662299,4.94850565702214,1.68445141005726,0.399720341181542,1.27984439447446
200411,4.10326402771062,15.4366446078172,2.02847518266636,10.3647662341602,0.426193412970322,9.89856687068831
200412,3.86668641767531,8.27544128181332,1.74359978958003,9.76245322905136,0.475591732524694,9.24488438731757
200501,2.23855934668302,-1.56674515434982,4.36671190201496,-1.60669259842136,0.39413576363847,-1.99343376405524
200502,4.1255435736177,5.94103891597866,3.94837653247657,4.26654582165575,0.407201798949197,3.84446390909758
200503,2.44408210069653,0.409306955744726,5.6344085267694,-2.97249703317148,0.445061760662435,-3.40313825523193
200504,8.83893206385284,5.60431406864252,-1.3676887863004,-4.27988686185937,0.406632782590655,-4.66846736533972
200505,6.42453623696364,12.9399589138544,-1.55152960147134,8.91596496256972,0.443657497045913,8.43663702206736
200506,2.31243502543079,1.23258299756677,-1.01656586712258,3.85707138905214,0.47162746095919,3.3702437142366
200507,3.37138696361321,8.94462831670313,9.50775109283113,7.36350245132322,0.422996735715198,6.91276869271293
200508,18.9430129207439,21.4433615852381,8.89443688177931,6.55122220598929,0.452818374855712,6.0721901444025
200509,-10.3168821412811,-14.4419649164913,-3.27789706870083,6.06666142394618,0.424360111414779,5.61958947770596
200510,-3.68535404068078,-8.02142863660604,-6.30649388619813,-9.59590944422014,0.427377829658737,-9.98268153338658
200511,0.56453895766635,-2.96406221086839,4.35505130308718,11.7625187625737,0.446892863246773,11.2678967169207
200512,-1.14913942185756,-5.28374009015927,4.10169000333611,6.67104434973493,0.496839290456652,6.14506885403481
200601,0.756584521233794,0.26656950330779,7.82968038691545,6.68743352752381,0.480935044531239,6.17832052178542
200602,-4.30856775939097,-4.15501423005828,-0.522232784175725,2.59033019352302,0.48695941231236,2.09370644169968
200603,-1.24410561246587,-4.5239243746514,6.9716742189736,10.0732415502455,0.562317601559781,9.46023073349143
200604,8.40527109353897,7.55850331993446,5.06471158360646,7.38267691315608,0.393520299372718,6.96329971256093
200605,3.96228773169285,0.260619745257773,-0.0811771008884188,-13.7714229527584,0.483269263308395,-14.1891825166668
200606,-10.2513641207071,-9.52752911831853,6.56935820848799,-4.20606224264743,0.536990084401445,-4.71880780985693
200607,-3.55641325958977,-1.55494317543616,-2.32108813382004,-0.306337811059976,0.521323215265612,-0.823637406014321
200608,1.04001862773746,4.69337430474435,-4.52506912954829,9.4061239735818,0.546345415282024,8.81389119353035
200609,1.37608951598949,-2.56740602431249,5.11293959155632,6.55544920541471,0.526952520857349,5.9984125317031
200610,1.14522988765089,0.5192376100424,6.40430663152478,4.71419629187984,0.512917539805358,4.18091720209084
200611,-0.776755464021317,-1.14250443298811,-3.36120053232928,5.32807486606701,0.566512069677549,4.73597075271668
200612,7.21919206911048,13.075965311524,3.39645373022013,0.901111704226487,0.532904064455453,0.366340808323695
200701,6.32791110874147,11.8687384170201,-1.89529900721612,3.57241564756565,0.554190994861981,3.00239150170094
200702,-2.79217476844591,-3.32433536474035,-2.48925153491356,-8.12577168035284,0.56380642854752,-8.64341306468164
200703,-5.04186541104858,-1.95983583142118,-0.751982695269815,0.54641073187236,0.616622910242737,-0.0699006227100951
200704,-1.2143994251297,-0.682186694978304,0.225520161242532,7.50391385548337,0.588034330645293,6.87743591107273
200705,-0.344665322608362,-0.0631363954561759,1.59819800408885,5.79309706421571,0.617685317120675,5.14514593490902
200706,4.28882553679559,3.49372288639342,-0.778166392774904,2.35658736625606,0.602842432208117,1.74376641988423
200707,-1.27511827939276,1.95664735313434,-1.44087636454975,5.17308675882808,0.474213232171561,4.67784765237811
200708,4.309551211065,16.8224090418579,0.0266488679751209,-0.836735724028859,0.551695845729649,-1.38089979374743
200709,0.733276801522842,14.6556819853309,3.94167411956512,14.1052554431564,0.546080154783612,13.4894123499846
200710,-8.78041214481177,-5.81318580276867,25.1349148825905,20.0958692257718,0.602095197011665,19.3827184882351
200711,4.83389150935309,11.9924837238496,0.736562986979195,-0.0873119587994409,0.628703558878385,-0.711834722825633
200712,13.820749425992,29.2064046490678,-3.07870677689255,11.8506570047556,0.546470559248635,11.2460518722412
200801,-4.46636303953476,-2.94785340572761,1.36188283163552,-19.6233464356225,0.632818532684087,-20.1339812820502
200802,-5.52483462303975,-4.61049738613473,-2.99929869289602,-0.349238642292182,0.592554710417703,-0.936657448216038
200803,-5.31127624109465,-8.04127258227365,-4.97238080010897,-12.4452237595813,0.511473211308533,-12.8944446629081
200804,1.34771218791683,5.63416909207635,0.758427455061961,12.3203647657918,0.560145091674435,11.698148097182
200805,0.254165993417521,0.808129385214262,-4.02618000972739,-6.47772208678371,0.570279922731087,-7.01000675877491
200806,3.74644821527201,-4.2919282505427,-2.46853941295367,-19.3879662070395,0.631578466982363,-19.8994992297453
200807,-4.83156784171153,2.18980556728305,2.1434816837625,8.06008632143993,0.791094832820405,7.21422416346831
200808,-0.749433406526689,-3.54461148669777,-2.77249759375032,0.855667417761374,0.705572594855397,0.149049316585437
200809,-7.31437227130195,-6.2221183570737,4.10071251450852,-12.9639552925644,0.709449917630822,-13.5814259080351
200810,-7.77330383146049,-1.84159372095721,7.3206890601609,-28.1210089875693,0.638147942073197,-28.5851323952658
200811,-7.89482899246918,-0.385154019264122,11.6141001236013,-6.46613237930868,0.51117326881136,-6.94394991071388
200812,-2.82251141039319,-0.769084672615494,-16.5040423382278,11.7304853173303,0.486041858330144,11.1927619806799
200901,-4.03768563257685,-0.0606546969477706,12.3119326454792,-4.49050741636433,0.36603298179092,-4.83975551525994
200902,0.687537147838935,0.0994984737875404,4.81486567837381,-4.43897022248043,0.347626043460725,-4.7708560944974
200903,-4.36028222174254,-6.46156534447938,-7.01605284531422,7.75384574150524,0.371780618589779,7.35604017486466
200904,2.21271693083127,3.23773914678438,-16.3255860783952,16.2783705154694,0.265204804284491,15.9737367588542
200905,4.23087570730762,4.15333763103836,-26.0497042714558,35.7572777435075,0.255996213607901,35.4157166227482
200906,-1.7300467012401,-3.95335823763767,2.61649073842676,-2.3523677062925,0.289303438578514,-2.63445257665184
200907,0.439463053967248,-0.0143018965993114,-0.0147598635803825,8.18468814540638,0.292537970641926,7.87015775047029
200908,11.7439325017315,11.1180764480212,-5.28551579115419,2.58265816569245,0.274066115974003,2.302556242836
200909,-1.54610710977218,3.03110533641728,2.13228744426854,7.6502446789418,0.267060389021401,7.36452621277679
200910,3.3636853460026,-4.22933006402609,10.5548293181197,-6.45250721756233,0.252889426348069,-6.68931405561818
200911,-1.99568969113036,1.50188665139679,5.77066150848711,7.70656700574739,0.257279350041828,7.4311284853076
200912,4.08621410090455,4.1171237429714,-0.626863653007781,4.77583427570814,0.287398843938513,4.47619950387574
201001,2.59575006234927,-0.182849136793095,1.41287505683128,-3.11864593847457,0.281951888741871,-3.39158763193531
201002,-2.51806716989289,0.464686599647846,3.94413414193475,-0.909740685247795,0.32012039301712,-1.22615223494731
201003,-0.59091838435722,3.06786206300618,1.33986595403393,4.15162569203156,0.354079049530931,3.78477002490307
201004,5.81863031832022,3.17995027332829,2.63276639519645,1.8020411527512,0.32909286842413,1.46836644511736
201005,0.731371348074084,-6.02677692355641,-2.4771638082036,-3.55392227682104,0.34955448994034,-3.8904577447473
201006,2.77670681853586,-2.78238352008506,-1.57990504366622,4.80186584690778,0.45144332339182,4.33175765904121
201007,-0.0504763163813093,4.29170779271579,5.29166188503394,1.89428565446588,0.468866994648964,1.41904838142353
201008,-0.857825068761475,3.56658322765646,4.13532387921804,0.825296923571139,0.519871351207679,0.303886193905223
201009,-3.19966090594724,2.54065796327123,-0.292232885054255,8.34227885416556,0.500170337641359,7.80498681988977
201010,0.21193013024805,5.66412678911961,3.37138794838925,0.342975553303226,0.531696930879222,-0.187832206707905
201011,3.51571120978194,-9.7238768471521,5.41161824323755,-5.19153669615998,0.555580300028602,-5.71687097861793
201012,-3.24777040436435,1.41494337079968,-6.11267652768928,3.13771424199838,0.605974563863154,2.51718946855981
201101,-1.01518705569399,-1.91685843880195,4.81106949735068,-9.90470653554097,0.554666129492443,-10.4044319998367
201102,4.78643337412403,-12.0111570704065,2.75866142513084,-3.98228879456436,0.555291690805682,-4.51380213686188
201103,-6.88149840663046,6.51535645241534,1.31131853330657,7.76519611886473,0.613782358991832,7.10981383469225
201104,7.01151743989288,0.781438345932628,0.818988139193877,0.918667290973318,0.508674069902204,0.408009650833696
201105,-1.22451338582604,-0.529355674703469,4.31185233389777,-2.68859177902835,0.675013794174295,-3.34200823015173
201106,-0.464024066489044,-2.77011316963525,4.70738993907953,0.181039023073404,0.696798182963909,-0.512389454890505
201107,3.97241224935669,1.51506130258436,3.91474327628627,-1.54375354915659,0.66153675280558,-2.19150393611366
201108,2.43758827439522,-7.39202261555992,10.5097633791833,-8.44096363120369,0.677075332266708,-9.05955164270758
201109,3.99852458267413,-2.34125942769596,-1.08368972193637,-1.68632320109231,0.680305081665167,-2.35144337284762
201110,-1.27158301429962,-1.2589562787793,-1.14284470442115,4.76434418741529,0.622945232405159,4.11710048645386
201111,-2.12767182455242,-0.750513286378107,9.54294678503167,-9.11112288538375,0.677295896283892,-9.72574596152317
201112,-0.944209574618549,-2.32259949564311,7.5279015525779,-5.76982722029487,0.693072779919479,-6.42048728618395
201201,-0.0638970890779245,5.67503392652331,-20.2391074620558,13.2688739997918,0.726507296738443,12.4561870216565
201202,0.292587342513939,-0.354905431424346,-2.18130010874844,4.88264745434543,0.683874846332944,4.17162983197188
201203,-0.238623912004421,-2.12782763322972,9.07876614701761,-2.20990015649375,0.763062830810068,-2.95149807038525
201204,3.24027028716567,-0.388370620924783,2.91764026165062,-0.574931306104121,0.665475556857942,-1.23258842062965
201205,-0.400208992778028,-1.8911033105425,7.03925495102229,-5.83908032517301,0.713493037472679,-6.50821533806324
201206,-1.87612113022585,-1.24504487379909,-3.52133642424033,5.96935171479995,0.670386403251522,5.26536584525155
201207,1.02926784822461,1.0886264081075,4.70675441139548,-1.10091452237766,0.698492598086742,-1.78750413006087
201208,2.41603264180661,-1.38462804097406,7.4216716855855,0.282084075372957,0.666567980766541,-0.382066304365858
201209,-0.827523193008739,0.638692031206234,-8.70088957125896,7.78225078054438,0.628738702592768,7.11109880627498
201210,4.76386636796695,-2.70904346704639,4.06285441258363,-1.39204457234436,0.656134557185206,-2.03546460006866
201211,-4.98290308771573,9.29909816046068,-5.09537617588454,4.12585801316085,0.629625653459764,3.47545424370579
201212,-0.961588439420114,0.62872762425934,0.0981073155395418,1.70607808507826,0.630795002115403,1.06887365809936
201301,-4.25992969602709,-2.81151717122212,-1.24604385845022,1.41801888643338,0.713870172759878,0.699369314234355
201302,0.321718486718425,-9.54014661653576,8.61091516250056,-6.94094635502328,0.616494688483793,-7.51338250439187
201303,-1.01147342098534,-5.6511878547408,11.4836619515667,-2.23439317225781,0.592931657944074,-2.81153664023936
201304,-10.1319636492085,16.64444479783,-1.99339161692553,3.94111442548499,0.60514157227971,3.31689321986999
201305,-2.71716098614472,-2.16613046514879,6.81630493141892,0.637386082760671,0.658940388021168,-0.0214251554583655
201306,-3.47652335597403,2.12200058605814,18.1265208863995,-4.02419173006976,0.573615154657547,-4.57288160245095
201307,-4.59674713539675,4.89040822850115,9.1821558123127,-2.32326924870657,0.731490921780953,-3.03405471062393
201308,1.7533237754835,-3.15772371056644,-10.0419571946557,-3.6501536777616,0.856405012931094,-4.47027430766538
201309,-3.47456487403532,3.9240221639532,-1.41850813956722,5.47929530953606,0.82276683714424,4.62057009289787
201310,-0.888722484447368,1.15241403347657,-4.55769608632548,7.87576595129824,0.729808349482264,7.09674819401596
201311,3.86124626680699,4.80786602449295,-3.27074685998382,-0.536574014461622,0.675913345208401,-1.20473082963986
201312,3.61454541691526,5.25135093722888,-1.80970103851282,3.53095880527639,0.705232378772469,2.80686169220392
201401,1.45542332859838,-6.69562881238087,9.68606137964692,-3.94749427240769,0.773277806834227,-4.68609859785952
201402,1.10066312516199,-3.49166615645607,4.50214292745037,2.1748056490307,0.660187014231761,1.50520705644532
201403,-1.91612764892425,3.40271294241645,-9.64601210647053,7.92516882866476,0.738343630365268,7.13669770053051
201404,6.76459130126601,9.86558822934296,-4.03076447620538,1.04099372832698,0.61485378977908,0.423667065007005
201405,2.01513101371658,12.6149398364239,-15.8612717276387,12.3130830627104,0.709158049202974,11.5262751159526
201406,7.73436693406746,7.86637201740454,3.17108386768099,7.35113336584041,0.69256218712701,6.61498147097699
201407,-0.558278137999801,-9.23842673593868,-2.24384082491613,0.00352896097193245,0.726316319953457,-0.717842146906644
201408,2.5578810721687,-4.76047576803924,2.02001326101149,2.66164525472334,0.632181482486915,2.01737154977226
201409,8.1975484946307,1.78241949826536,3.78529464950514,1.38622897251739,0.727577721515016,0.65407833953488
201410,-1.93510501934905,0.44467921971445,4.38407659669315,3.38354787227968,0.587419640565012,2.7806842868912
201411,-0.634383637289371,-0.490855039150584,5.41994179747209,2.67838999882726,0.576328238839197,2.09068390410629
201412,0.836836030770005,-3.02509074813997,2.09900081964356,-1.49091674359551,0.702910938911416,-2.17920487245664
201501,-1.01713192349877,-0.0336212039208084,4.71296084263211,5.07783947400462,0.673395092448414,4.37639458207302
201502,0.801469833466228,-2.76006486497476,-0.133466848976516,1.04510092741339,0.639768843899935,0.402867654943595
201503,2.67500029177854,-8.19924296521456,5.01604491265242,-2.86137755814757,0.671909372480273,-3.51082377752517
201504,1.32339349868331,4.04467576878986,-1.36226503751987,-2.59845860505732,0.580248648273063,-3.16130601846604
201505,0.480165825697076,-4.93727806771209,3.38349350725953,3.4098171718226,0.612949346517455,2.78065147211006
201506,4.85337000318347,-8.00689506781172,1.70996469415683,-1.05852805634797,0.655884728818279,-1.70379124578368
201507,9.66584836361108,2.73139826420727,8.82101234179256,3.41583325923041,0.670113958743634,2.72823263046813
201508,3.6927813050708,-9.65918391938381,3.90302872847921,-6.27302999502201,0.60179956141877,-6.83569757818728
201509,0.870592592689179,2.05670488440688,2.292596509193,-0.45794989006539,0.575600003710086,-1.0279657664235
201510,2.49003204242693,4.29284604472857,-5.55297212988758,1.74459132392306,0.548147305884727,1.19023607897011
201511,4.52832961209626,2.90840420107406,-0.331830153400026,-0.444825428810125,0.524318016870939,-0.964361996540408
201512,2.49013149939086,1.24292425905428,3.03750334920989,1.23525188712299,0.613066074618174,0.618562846456716
201601,1.01251473713391,-7.04138942588374,3.36357641263081,-6.17943033862168,0.505066732875048,-6.65312765409069
201602,-7.39776529746641,-4.99048001194519,-2.64129085759103,-8.16489196280007,0.426452764005214,-8.55630982658552
201603,-3.3476844982378,5.0736194542552,-0.994860278315612,10.6547416602073,0.506116461953998,10.0990232839381
201604,3.84241795306834,2.97922126473971,0.641025677913509,2.37518510935746,0.483023016592754,1.88353953871065
201605,1.47103601702503,-4.84404517442516,0.913190645814654,2.0681901887001,0.584424101745129,1.47552619059288
201606,4.47172359720689,5.16571565009334,-0.941740748092645,3.69157151335358,0.580548814959925,3.0938791287106
201607,-1.89480290082231,0.691989222768252,2.40102731256351,5.47383487169344,0.51227535374736,4.93755723732345
201608,-2.64448363361177,-1.86210968921976,1.09144445066167,1.99602359692994,0.560700696446936,1.42767453792685
201609,2.66566459667057,-1.10513833450939,-1.24241180098422,-0.764189022882389,0.507786907856533,-1.26588974128342
201610,6.17387864667185,5.11522226454222,4.01892644122344,2.81828517493048,0.472278857891517,2.33556336479674
201611,-7.55466552030419,3.98216507384384,-1.01291455828613,-5.33454048387704,0.501856067233786,-5.80873469777553
201612,2.18884769529692,-4.68093157380619,-0.484355482764487,-1.6368477373053,0.521810093550523,-2.14796286507717
201701,-0.41717285435855,7.12061053191841,1.62481858708658,5.8935556665112,0.510166810607582,5.35738323602561
201702,-0.0402825135723761,2.27223922970965,-1.42559303663221,4.68953899173987,0.455680498748579,4.21568488409865
201703,0.239737041878052,0.61607096882641,3.10738958161882,3.65884983970761,0.509906812348948,3.13368661577005
201704,3.61542931482774,4.67872982029882,5.12595171432277,3.11011492797915,0.419616353471386,2.67988344285228
201705,-1.64243952282467,-7.28084492223974,3.12984919499644,0.483163707022949,0.535224751984908,-0.0518122893833683
201706,3.31916481725663,-1.54392116755064,2.31473946474043,-0.000947783669857927,0.512891228487433,-0.511343659442665
201707,-1.53101982106263,5.38123122454566,1.87824334596389,5.42272372980077,0.507742952753998,4.8913594376198
201708,-1.17661495794216,-1.23506782667774,9.20996460066526,-0.386079761815539,0.501838444139002,-0.883715914531924
201709,3.14904001527463,-2.1041766407467,-0.68389527809094,-0.917083269755259,0.498656468040792,-1.40906329542008
201710,-3.87220003367725,14.0071275354954,3.36119990495543,7.64056536975055,0.474212436223675,7.13426810816185
201711,5.25666703860945,-3.83777792047039,1.51166091089221,0.35721988018822,0.523409593197188,-0.165373068447305
201712,2.79894805151204,1.95274977171169,-2.38139028386412,3.92592047157985,0.479514233369316,3.43078401907684
201801,-4.14812279517141,-2.43958182237308,0.624637905187297,0.818898910728971,0.540104408979425,0.277348597549709
201802,1.68245235331768,-9.83736213230978,1.18993700691332,-3.69442504251108,0.471070998983025,-4.14699633911562
201803,-3.27599458118847,-7.88706393762889,3.4354369520232,-4.24487963029424,0.46577393372782,-4.68993546167413
201804,1.21293116584846,-1.74809513645658,6.91632750894486,6.79898006920283,0.500323197543295,6.26882665792872
201805,-4.62409003235461,-3.52507051517307,5.0896528998424,-2.62204590850942,0.539234249575427,-3.14507746618398
201806,-6.09094393856712,-3.56662499859018,1.97990823005059,-2.50704013857035,0.529407396031689,-3.0212131050703
201807,-1.7310562158287,-0.975632371023583,0.368097828968028,5.54043219940703,0.559188580315495,4.95482517578838
201808,-1.41461110657698,0.789121925988323,2.46507408087646,3.80928273730163,0.550567435714666,3.24173005377082
201809,-4.25301220709708,-10.8786387163951,8.46764137641092,-9.31538901704632,0.485244741495072,-9.75583653157521
201810,0.287940567374556,10.7159496251324,-4.13931593450456,-4.0798925539589,0.570849190296774,-4.62564852634467
201811,0.92167960203442,-4.38713157215179,3.87645383685238,3.21408761727784,0.53423672755073,2.66632002619711
201812,-0.906961591278332,4.94827757962117,-4.98947042172834,1.2052436929249,0.519250298585661,0.682608066585266
201901,-3.99994950416737,-2.28064856177916,5.7599107952643,-2.68200626539584,0.592791326064424,-3.25633424518463
201902,-2.77944770503891,-3.71961186294866,-1.04331454971898,-0.397484380229629,0.502953246753757,-0.896173975287173
201903,-1.27125584883908,6.00778860379398,-3.91807768076741,7.41046250874042,0.469786067118694,6.90997569595861
201904,-0.28354227658014,-5.11329284728508,5.92675239602334,0.12495395879335,0.465023290715805,-0.338587915155453
201905,-0.0132023118262437,-1.46180947420942,12.354964086681,1.10912819000857,0.547326239409829,0.55883336046938
201906,-6.10908581372639,1.0370647960126,12.90811046031,-1.57054721939565,0.445301852091529,-2.00738050283908
201907,-3.00438019597903,-6.9366754713018,7.65927595183975,-6.76036289773307,0.524942551955232,-7.24885881531947
201908,0.534213964588481,-4.76336133278997,8.67812398647547,-0.285534168118717,0.429546653894053,-0.712210169317706
201909,3.57191239281716,-7.8784128705113,4.20151392886068,4.2910481940704,0.396423639372556,3.8800127605769
201910,-4.43387518205147,-3.86697171823356,-5.96340677575777,4.69237301770142,0.404875380605585,4.27104485828183
201911,-2.33456213989668,0.0127855079927741,-7.22674152807833,0.255698720736475,0.393416543705594,-0.137209515342462
201912,-1.03196193730953,-4.16321056630574,5.05969229219505,0.22518300676857,0.409070612171014,-0.183170536894983
